Name,Waktu
0,0.7354642
1,0.35394900000000007
9,0.38226970000000016
14,0.216352800000001
2,0.2286948000000013
17,0.21923830000000066
20,0.2536902000000012
23,0.21270969999999956
7,0.3222921000000021
28,0.2781035000000003
24,0.27819470000000024
48,0.22231450000000308
56,0.20364089999999635
6,0.21402330000000092
5,0.23115960000000513
8,0.31636630000000565
36,0.22672440000000194
72,0.32561820000000097
81,0.2568854000000016
49,0.20348969999999866
