Name,Waktu
0,0.4231630999999999
1,0.4231838
9,0.4256995
14,0.42571590000000004
2,0.42573209999999995
17,0.42626909999999996
20,0.42628489999999986
23,0.42630089999999987
7,0.4263494
28,0.42636569999999996
24,0.42638149999999986
48,0.42699009999999993
56,0.4270058
6,0.4270214
